{
  "count": 59,
  "uniques": 11,
  "clones": [
    {
      "timestamp": "2023-03-28T00:00:00Z",
      "count": 13,
      "uniques": 4
    },
    {
      "timestamp": "2023-03-29T00:00:00Z",
      "count": 8,
      "uniques": 5
    },
    {
      "timestamp": "2023-04-02T00:00:00Z",
      "count": 1,
      "uniques": 1
    },
    {
      "timestamp": "2023-04-06T00:00:00Z",
      "count": 32,
      "uniques": 6
    },
    {
      "timestamp": "2023-04-07T00:00:00Z",
      "count": 5,
      "uniques": 2
    }
  ]
}
