[
  {
    "path": "/BoothGroup/dyson",
    "title": "GitHub - BoothGroup/dyson: Dyson equation solvers for electron propagator met...",
    "count": 39,
    "uniques": 11
  },
  {
    "path": "/BoothGroup/dyson/tree/master/dyson",
    "title": "dyson/dyson at master · BoothGroup/dyson · GitHub",
    "count": 14,
    "uniques": 3
  },
  {
    "path": "/BoothGroup/dyson/tree/master/dyson/expressions",
    "title": "dyson/dyson/expressions at master · BoothGroup/dyson · GitHub",
    "count": 11,
    "uniques": 3
  },
  {
    "path": "/BoothGroup/dyson/tree/master/dyson/solvers",
    "title": "dyson/dyson/solvers at master · BoothGroup/dyson · GitHub",
    "count": 8,
    "uniques": 3
  },
  {
    "path": "/BoothGroup/dyson/actions",
    "title": "Actions · BoothGroup/dyson",
    "count": 7,
    "uniques": 1
  },
  {
    "path": "/BoothGroup/dyson/blob/master/dyson/expressions/fci.py",
    "title": "dyson/fci.py at master · BoothGroup/dyson · GitHub",
    "count": 5,
    "uniques": 3
  },
  {
    "path": "/BoothGroup/dyson/pulse",
    "title": "Pulse · BoothGroup/dyson",
    "count": 5,
    "uniques": 1
  },
  {
    "path": "/BoothGroup/dyson/tree/master/dyson/util",
    "title": "dyson/dyson/util at master · BoothGroup/dyson",
    "count": 5,
    "uniques": 1
  },
  {
    "path": "/BoothGroup/dyson/blob/master/dyson/solvers/mblgf.py",
    "title": "dyson/mblgf.py at master · BoothGroup/dyson",
    "count": 4,
    "uniques": 2
  },
  {
    "path": "/BoothGroup/dyson/blob/master/examples/30-agf2.py",
    "title": "dyson/30-agf2.py at master · BoothGroup/dyson · GitHub",
    "count": 4,
    "uniques": 1
  }
]
