{
  "count": 193,
  "uniques": 11,
  "views": [
    {
      "timestamp": "2023-03-28T00:00:00Z",
      "count": 39,
      "uniques": 2
    },
    {
      "timestamp": "2023-03-29T00:00:00Z",
      "count": 56,
      "uniques": 3
    },
    {
      "timestamp": "2023-03-30T00:00:00Z",
      "count": 12,
      "uniques": 3
    },
    {
      "timestamp": "2023-03-31T00:00:00Z",
      "count": 1,
      "uniques": 1
    },
    {
      "timestamp": "2023-04-03T00:00:00Z",
      "count": 12,
      "uniques": 2
    },
    {
      "timestamp": "2023-04-04T00:00:00Z",
      "count": 34,
      "uniques": 5
    },
    {
      "timestamp": "2023-04-06T00:00:00Z",
      "count": 29,
      "uniques": 3
    },
    {
      "timestamp": "2023-04-07T00:00:00Z",
      "count": 5,
      "uniques": 1
    },
    {
      "timestamp": "2023-04-10T00:00:00Z",
      "count": 2,
      "uniques": 2
    },
    {
      "timestamp": "2023-04-11T00:00:00Z",
      "count": 3,
      "uniques": 2
    }
  ]
}
